FlyAsh,GGBFS,NaOH_M,Na2SiO3,CopperSlag,RecycledAgg,Curing_Days,Comp_Strength,provenance,material_system
0,0,8,0,0,0,7,34.0,Data.xlsx,fly_ash_slag_concrete
0,0,8,0,0,0,7,63.0,Data.xlsx,fly_ash_slag_concrete
0,0,8,0,0,0,7,50.0,Data.xlsx,fly_ash_slag_concrete
0,0,8,0,0,0,7,39.0,Data.xlsx,fly_ash_slag_concrete
0,0,8,0,0,0,7,53.0,Data.xlsx,fly_ash_slag_concrete
0,0,8,0,0,0,7,30.0,UNTRACED,fly_ash_slag_concrete
0,0,8,0,0,0,7,71.0,UNTRACED,fly_ash_slag_concrete
0,0,8,0,0,0,7,11.0,UNTRACED,fly_ash_slag_concrete
0,0,8,0,0,0,7,74.0,UNTRACED,fly_ash_slag_concrete
400,0,8,120,0,0,3,25.7,Data.xlsx,fly_ash_slag_concrete
400,0,8,120,0,0,3,29.6,Data.xlsx,fly_ash_slag_concrete
400,0,8,120,0,0,3,52.4,Data.xlsx,fly_ash_slag_concrete
400,0,8,120,0,0,3,63.7,Data.xlsx,fly_ash_slag_concrete
400,0,8,120,0,0,3,32.6,Data.xlsx,fly_ash_slag_concrete
400,0,8,120,0,0,3,53.0,Data.xlsx,fly_ash_slag_concrete
400,0,8,120,0,0,3,64.0,Data.xlsx,fly_ash_slag_concrete
400,0,8,120,0,0,7,26.3,Data.xlsx,fly_ash_slag_concrete
400,0,8,120,0,0,7,30.6,Data.xlsx,fly_ash_slag_concrete
400,0,8,120,0,0,7,52.7,Data.xlsx,fly_ash_slag_concrete
400,0,8,120,0,0,7,63.6,Data.xlsx,fly_ash_slag_concrete
400,0,8,120,0,0,7,32.8,Data.xlsx,fly_ash_slag_concrete
400,0,8,120,0,0,7,52.9,Data.xlsx,fly_ash_slag_concrete
400,0,8,120,0,0,7,64.1,Data.xlsx,fly_ash_slag_concrete
400,0,8,120,0,0,14,27.8,Data.xlsx,fly_ash_slag_concrete
400,0,8,120,0,0,14,32.8,Data.xlsx,fly_ash_slag_concrete
400,0,8,120,0,0,14,52.7,Data.xlsx,fly_ash_slag_concrete
400,0,8,120,0,0,14,65.3,Data.xlsx,fly_ash_slag_concrete
400,0,8,120,0,0,14,34.4,Data.xlsx,fly_ash_slag_concrete
400,0,8,120,0,0,14,52.9,Data.xlsx,fly_ash_slag_concrete
400,0,8,120,0,0,14,65.7,Data.xlsx,fly_ash_slag_concrete
400,0,8,120,0,0,28,32.0,Data.xlsx,fly_ash_slag_concrete
400,0,8,120,0,0,28,38.1,Data.xlsx,fly_ash_slag_concrete
400,0,8,120,0,0,28,52.2,Data.xlsx,fly_ash_slag_concrete
400,0,8,120,0,0,28,66.2,Data.xlsx,fly_ash_slag_concrete
400,0,8,120,0,0,28,40.0,Data.xlsx,fly_ash_slag_concrete
400,0,8,120,0,0,28,55.6,Data.xlsx,fly_ash_slag_concrete
400,0,8,120,0,0,28,67.0,Data.xlsx,fly_ash_slag_concrete
400,0,10,120,0,0,3,28.3,Data.xlsx,fly_ash_slag_concrete
400,0,10,120,0,0,3,32.5,Data.xlsx,fly_ash_slag_concrete
400,0,10,120,0,0,3,57.6,Data.xlsx,fly_ash_slag_concrete
400,0,10,120,0,0,3,70.0,Data.xlsx,fly_ash_slag_concrete
400,0,10,120,0,0,3,35.9,Data.xlsx,fly_ash_slag_concrete
400,0,10,120,0,0,3,58.3,Data.xlsx,fly_ash_slag_concrete
400,0,10,120,0,0,3,70.4,Data.xlsx,fly_ash_slag_concrete
400,0,10,120,0,0,7,28.9,Data.xlsx,fly_ash_slag_concrete
400,0,10,120,0,0,7,33.7,Data.xlsx,fly_ash_slag_concrete
400,0,10,120,0,0,7,57.9,Data.xlsx,fly_ash_slag_concrete
400,0,10,120,0,0,7,69.9,Data.xlsx,fly_ash_slag_concrete
400,0,10,120,0,0,7,36.1,Data.xlsx,fly_ash_slag_concrete
400,0,10,120,0,0,7,58.2,Data.xlsx,fly_ash_slag_concrete
400,0,10,120,0,0,7,70.5,Data.xlsx,fly_ash_slag_concrete
400,0,10,120,0,0,14,30.6,Data.xlsx,fly_ash_slag_concrete
400,0,10,120,0,0,14,36.0,Data.xlsx,fly_ash_slag_concrete
400,0,10,120,0,0,14,57.9,Data.xlsx,fly_ash_slag_concrete
400,0,10,120,0,0,14,71.9,Data.xlsx,fly_ash_slag_concrete
400,0,10,120,0,0,14,37.9,Data.xlsx,fly_ash_slag_concrete
400,0,10,120,0,0,14,58.2,Data.xlsx,fly_ash_slag_concrete
400,0,10,120,0,0,14,72.2,Data.xlsx,fly_ash_slag_concrete
400,0,10,120,0,0,28,35.2,Data.xlsx,fly_ash_slag_concrete
400,0,10,120,0,0,28,42.0,Data.xlsx,fly_ash_slag_concrete
400,0,10,120,0,0,28,57.4,Data.xlsx,fly_ash_slag_concrete
400,0,10,120,0,0,28,72.8,Data.xlsx,fly_ash_slag_concrete
400,0,10,120,0,0,28,44.0,Data.xlsx,fly_ash_slag_concrete
400,0,10,120,0,0,28,61.2,Data.xlsx,fly_ash_slag_concrete
400,0,10,120,0,0,28,73.7,Data.xlsx,fly_ash_slag_concrete
400,0,12,120,0,0,3,31.1,Data.xlsx,fly_ash_slag_concrete
400,0,12,120,0,0,3,35.8,Data.xlsx,fly_ash_slag_concrete
400,0,12,120,0,0,3,63.4,Data.xlsx,fly_ash_slag_concrete
400,0,12,120,0,0,3,77.0,Data.xlsx,fly_ash_slag_concrete
400,0,12,120,0,0,3,39.5,Data.xlsx,fly_ash_slag_concrete
400,0,12,120,0,0,3,64.1,Data.xlsx,fly_ash_slag_concrete
400,0,12,120,0,0,3,77.5,Data.xlsx,fly_ash_slag_concrete
400,0,12,120,0,0,7,31.8,Data.xlsx,fly_ash_slag_concrete
400,0,12,120,0,0,7,37.0,Data.xlsx,fly_ash_slag_concrete
400,0,12,120,0,0,7,63.7,Data.xlsx,fly_ash_slag_concrete
400,0,12,120,0,0,7,76.9,Data.xlsx,fly_ash_slag_concrete
400,0,12,120,0,0,7,39.7,Data.xlsx,fly_ash_slag_concrete
400,0,12,120,0,0,7,64.1,Data.xlsx,fly_ash_slag_concrete
400,0,12,120,0,0,7,77.5,Data.xlsx,fly_ash_slag_concrete
400,0,12,120,0,0,14,33.6,ambiguous:Data.xlsx|N_data.xls,fly_ash_slag_concrete
400,0,12,120,0,0,14,39.6,Data.xlsx,fly_ash_slag_concrete
400,0,12,120,0,0,14,63.7,Data.xlsx,fly_ash_slag_concrete
400,0,12,120,0,0,14,79.1,Data.xlsx,fly_ash_slag_concrete
400,0,12,120,0,0,14,41.7,Data.xlsx,fly_ash_slag_concrete
400,0,12,120,0,0,14,64.1,Data.xlsx,fly_ash_slag_concrete
400,0,12,120,0,0,14,79.5,Data.xlsx,fly_ash_slag_concrete
400,0,12,120,0,0,28,38.7,Data.xlsx,fly_ash_slag_concrete
400,0,12,120,0,0,28,46.2,Data.xlsx,fly_ash_slag_concrete
400,0,12,120,0,0,28,63.2,Data.xlsx,fly_ash_slag_concrete
400,0,12,120,0,0,28,80.1,Data.xlsx,fly_ash_slag_concrete
400,0,12,120,0,0,28,48.4,Data.xlsx,fly_ash_slag_concrete
400,0,12,120,0,0,28,67.3,Data.xlsx,fly_ash_slag_concrete
400,0,12,120,0,0,28,81.0,Data.xlsx,fly_ash_slag_concrete
400,0,14,120,0,0,3,34.3,Data.xlsx,fly_ash_slag_concrete
400,0,14,120,0,0,3,39.4,Data.xlsx,fly_ash_slag_concrete
400,0,14,120,0,0,3,69.8,Data.xlsx,fly_ash_slag_concrete
400,0,14,120,0,0,3,84.8,Data.xlsx,fly_ash_slag_concrete
400,0,14,120,0,0,3,43.4,Data.xlsx,fly_ash_slag_concrete
400,0,14,120,0,0,3,70.6,Data.xlsx,fly_ash_slag_concrete
400,0,14,120,0,0,3,85.2,Data.xlsx,fly_ash_slag_concrete
400,0,14,120,0,0,7,35.0,Data.xlsx,fly_ash_slag_concrete
400,0,14,120,0,0,7,40.7,Data.xlsx,fly_ash_slag_concrete
400,0,14,120,0,0,7,70.1,Data.xlsx,fly_ash_slag_concrete
400,0,14,120,0,0,7,84.6,Data.xlsx,fly_ash_slag_concrete
400,0,14,120,0,0,7,43.7,Data.xlsx,fly_ash_slag_concrete
400,0,14,120,0,0,7,70.5,Data.xlsx,fly_ash_slag_concrete
400,0,14,120,0,0,7,85.3,Data.xlsx,fly_ash_slag_concrete
400,0,14,120,0,0,14,37.0,Data.xlsx,fly_ash_slag_concrete
400,0,14,120,0,0,14,43.6,Data.xlsx,fly_ash_slag_concrete
400,0,14,120,0,0,14,70.1,Data.xlsx,fly_ash_slag_concrete
400,0,14,120,0,0,14,87.0,Data.xlsx,fly_ash_slag_concrete
400,0,14,120,0,0,14,45.9,Data.xlsx,fly_ash_slag_concrete
400,0,14,120,0,0,14,70.5,Data.xlsx,fly_ash_slag_concrete
400,0,14,120,0,0,14,87.4,Data.xlsx,fly_ash_slag_concrete
400,0,14,120,0,0,28,42.6,Data.xlsx,fly_ash_slag_concrete
400,0,14,120,0,0,28,50.8,Data.xlsx,fly_ash_slag_concrete
400,0,14,120,0,0,28,69.5,Data.xlsx,fly_ash_slag_concrete
400,0,14,120,0,0,28,88.1,Data.xlsx,fly_ash_slag_concrete
400,0,14,120,0,0,28,53.2,Data.xlsx,fly_ash_slag_concrete
400,0,14,120,0,0,28,74.1,Data.xlsx,fly_ash_slag_concrete
400,0,14,120,0,0,28,89.2,Data.xlsx,fly_ash_slag_concrete
300,100,8,120,0,0,3,29.6,Data.xlsx,fly_ash_slag_concrete
300,100,8,120,0,0,3,34.0,Data.xlsx,fly_ash_slag_concrete
300,100,8,120,0,0,3,60.3,Data.xlsx,fly_ash_slag_concrete
300,100,8,120,0,0,3,73.2,Data.xlsx,fly_ash_slag_concrete
300,100,8,120,0,0,3,37.5,Data.xlsx,fly_ash_slag_concrete
300,100,8,120,0,0,3,61.0,Data.xlsx,fly_ash_slag_concrete
300,100,8,120,0,0,3,73.6,Data.xlsx,fly_ash_slag_concrete
300,100,8,120,0,0,7,30.2,Data.xlsx,fly_ash_slag_concrete
300,100,8,120,0,0,7,35.2,Data.xlsx,fly_ash_slag_concrete
300,100,8,120,0,0,7,60.6,Data.xlsx,fly_ash_slag_concrete
300,100,8,120,0,0,7,73.1,Data.xlsx,fly_ash_slag_concrete
300,100,8,120,0,0,7,37.8,Data.xlsx,fly_ash_slag_concrete
300,100,8,120,0,0,7,60.9,Data.xlsx,fly_ash_slag_concrete
300,100,8,120,0,0,7,73.7,Data.xlsx,fly_ash_slag_concrete
300,100,8,120,0,0,14,32.0,Data.xlsx,fly_ash_slag_concrete
300,100,8,120,0,0,14,37.7,Data.xlsx,fly_ash_slag_concrete
300,100,8,120,0,0,14,60.6,Data.xlsx,fly_ash_slag_concrete
300,100,8,120,0,0,14,75.2,Data.xlsx,fly_ash_slag_concrete
300,100,8,120,0,0,14,39.6,Data.xlsx,fly_ash_slag_concrete
300,100,8,120,0,0,14,60.9,Data.xlsx,fly_ash_slag_concrete
300,100,8,120,0,0,14,75.5,Data.xlsx,fly_ash_slag_concrete
300,100,8,120,0,0,28,36.8,Data.xlsx,fly_ash_slag_concrete
300,100,8,120,0,0,28,43.9,Data.xlsx,fly_ash_slag_concrete
300,100,8,120,0,0,28,60.1,Data.xlsx,fly_ash_slag_concrete
300,100,8,120,0,0,28,76.1,Data.xlsx,fly_ash_slag_concrete
300,100,8,120,0,0,28,46.0,Data.xlsx,fly_ash_slag_concrete
300,100,8,120,0,0,28,64.0,Data.xlsx,fly_ash_slag_concrete
300,100,8,120,0,0,28,77.0,Data.xlsx,fly_ash_slag_concrete
300,100,10,120,0,0,3,32.6,Data.xlsx,fly_ash_slag_concrete
300,100,10,120,0,0,3,37.4,Data.xlsx,fly_ash_slag_concrete
300,100,10,120,0,0,3,66.3,Data.xlsx,fly_ash_slag_concrete
300,100,10,120,0,0,3,80.5,Data.xlsx,fly_ash_slag_concrete
300,100,10,120,0,0,3,41.3,Data.xlsx,fly_ash_slag_concrete
300,100,10,120,0,0,3,67.1,Data.xlsx,fly_ash_slag_concrete
300,100,10,120,0,0,3,81.0,Data.xlsx,fly_ash_slag_concrete
300,100,10,120,0,0,7,33.3,Data.xlsx,fly_ash_slag_concrete
300,100,10,120,0,0,7,38.7,Data.xlsx,fly_ash_slag_concrete
300,100,10,120,0,0,7,66.6,Data.xlsx,fly_ash_slag_concrete
300,100,10,120,0,0,7,80.4,Data.xlsx,fly_ash_slag_concrete
300,100,10,120,0,0,7,41.5,Data.xlsx,fly_ash_slag_concrete
300,100,10,120,0,0,7,67.0,Data.xlsx,fly_ash_slag_concrete
300,100,10,120,0,0,7,81.1,Data.xlsx,fly_ash_slag_concrete
300,100,10,120,0,0,14,35.2,Data.xlsx,fly_ash_slag_concrete
300,100,10,120,0,0,14,41.5,Data.xlsx,fly_ash_slag_concrete
300,100,10,120,0,0,14,66.6,Data.xlsx,fly_ash_slag_concrete
300,100,10,120,0,0,14,82.7,Data.xlsx,fly_ash_slag_concrete
300,100,10,120,0,0,14,43.6,Data.xlsx,fly_ash_slag_concrete
300,100,10,120,0,0,14,67.0,Data.xlsx,fly_ash_slag_concrete
300,100,10,120,0,0,14,83.1,Data.xlsx,fly_ash_slag_concrete
300,100,10,120,0,0,28,40.5,Data.xlsx,fly_ash_slag_concrete
300,100,10,120,0,0,28,48.3,Data.xlsx,fly_ash_slag_concrete
300,100,10,120,0,0,28,66.1,Data.xlsx,fly_ash_slag_concrete
300,100,10,120,0,0,28,83.8,Data.xlsx,fly_ash_slag_concrete
300,100,10,120,0,0,28,50.6,Data.xlsx,fly_ash_slag_concrete
300,100,10,120,0,0,28,70.4,Data.xlsx,fly_ash_slag_concrete
300,100,10,120,0,0,28,84.7,Data.xlsx,fly_ash_slag_concrete
300,100,12,120,0,0,3,35.8,Data.xlsx,fly_ash_slag_concrete
300,100,12,120,0,0,3,41.2,Data.xlsx,fly_ash_slag_concrete
300,100,12,120,0,0,3,72.9,Data.xlsx,fly_ash_slag_concrete
300,100,12,120,0,0,3,88.6,Data.xlsx,fly_ash_slag_concrete
300,100,12,120,0,0,3,45.4,Data.xlsx,fly_ash_slag_concrete
300,100,12,120,0,0,3,73.8,Data.xlsx,fly_ash_slag_concrete
300,100,12,120,0,0,3,89.1,Data.xlsx,fly_ash_slag_concrete
300,100,12,120,0,0,7,36.6,Data.xlsx,fly_ash_slag_concrete
300,100,12,120,0,0,7,42.6,Data.xlsx,fly_ash_slag_concrete
300,100,12,120,0,0,7,73.3,Data.xlsx,fly_ash_slag_concrete
300,100,12,120,0,0,7,88.5,Data.xlsx,fly_ash_slag_concrete
300,100,12,120,0,0,7,45.7,Data.xlsx,fly_ash_slag_concrete
300,100,12,120,0,0,7,73.7,Data.xlsx,fly_ash_slag_concrete
300,100,12,120,0,0,7,89.2,Data.xlsx,fly_ash_slag_concrete
300,100,12,120,0,0,14,38.7,Data.xlsx,fly_ash_slag_concrete
300,100,12,120,0,0,14,45.6,Data.xlsx,fly_ash_slag_concrete
300,100,12,120,0,0,14,73.3,Data.xlsx,fly_ash_slag_concrete
300,100,12,120,0,0,14,91.0,Data.xlsx,fly_ash_slag_concrete
300,100,12,120,0,0,14,47.9,Data.xlsx,fly_ash_slag_concrete
300,100,12,120,0,0,14,73.7,Data.xlsx,fly_ash_slag_concrete
300,100,12,120,0,0,14,91.4,Data.xlsx,fly_ash_slag_concrete
300,100,12,120,0,0,28,44.6,Data.xlsx,fly_ash_slag_concrete
300,100,12,120,0,0,28,53.1,Data.xlsx,fly_ash_slag_concrete
300,100,12,120,0,0,28,72.7,Data.xlsx,fly_ash_slag_concrete
300,100,12,120,0,0,28,92.1,Data.xlsx,fly_ash_slag_concrete
300,100,12,120,0,0,28,55.7,Data.xlsx,fly_ash_slag_concrete
300,100,12,120,0,0,28,77.4,Data.xlsx,fly_ash_slag_concrete
300,100,12,120,0,0,28,93.2,Data.xlsx,fly_ash_slag_concrete
300,100,14,120,0,0,3,39.4,Data.xlsx,fly_ash_slag_concrete
300,100,14,120,0,0,3,45.3,Data.xlsx,fly_ash_slag_concrete
300,100,14,120,0,0,3,80.2,Data.xlsx,fly_ash_slag_concrete
300,100,14,120,0,0,3,97.5,Data.xlsx,fly_ash_slag_concrete
300,100,14,120,0,0,3,49.9,Data.xlsx,fly_ash_slag_concrete
300,100,14,120,0,0,3,81.2,Data.xlsx,fly_ash_slag_concrete
300,100,14,120,0,0,3,98.0,Data.xlsx,fly_ash_slag_concrete
300,100,14,120,0,0,7,40.2,Data.xlsx,fly_ash_slag_concrete
300,100,14,120,0,0,7,46.9,Data.xlsx,fly_ash_slag_concrete
300,100,14,120,0,0,7,80.6,Data.xlsx,fly_ash_slag_concrete
300,100,14,120,0,0,7,97.3,Data.xlsx,fly_ash_slag_concrete
300,100,14,120,0,0,7,50.3,Data.xlsx,fly_ash_slag_concrete
300,100,14,120,0,0,7,81.0,Data.xlsx,fly_ash_slag_concrete
300,100,14,120,0,0,7,98.1,Data.xlsx,fly_ash_slag_concrete
300,100,14,120,0,0,14,42.6,Data.xlsx,fly_ash_slag_concrete
300,100,14,120,0,0,14,50.2,Data.xlsx,fly_ash_slag_concrete
300,100,14,120,0,0,14,80.7,Data.xlsx,fly_ash_slag_concrete
300,100,14,120,0,0,14,100.0,Data.xlsx,fly_ash_slag_concrete
300,100,14,120,0,0,14,52.7,Data.xlsx,fly_ash_slag_concrete
300,100,14,120,0,0,14,81.1,Data.xlsx,fly_ash_slag_concrete
300,100,14,120,0,0,28,49.0,Data.xlsx,fly_ash_slag_concrete
300,100,14,120,0,0,28,58.4,Data.xlsx,fly_ash_slag_concrete
300,100,14,120,0,0,28,79.9,Data.xlsx,fly_ash_slag_concrete
300,100,14,120,0,0,28,101.0,Data.xlsx,fly_ash_slag_concrete
300,100,14,120,0,0,28,61.2,Data.xlsx,fly_ash_slag_concrete
300,100,14,120,0,0,28,85.2,Data.xlsx,fly_ash_slag_concrete
300,100,14,120,0,0,28,102.0,Data.xlsx,fly_ash_slag_concrete
400,0,8,120,0,300,3,35.1,Data.xlsx,fly_ash_slag_concrete
400,0,8,120,0,300,3,34.8,Data.xlsx,fly_ash_slag_concrete
400,0,8,120,0,300,3,36.8,Data.xlsx,fly_ash_slag_concrete
400,0,8,120,0,300,3,48.1,Data.xlsx,fly_ash_slag_concrete
400,0,8,120,0,300,3,35.3,Data.xlsx,fly_ash_slag_concrete
400,0,8,120,0,300,3,40.0,Data.xlsx,fly_ash_slag_concrete
400,0,8,120,0,300,3,49.3,Data.xlsx,fly_ash_slag_concrete
400,0,8,120,0,300,7,35.3,Data.xlsx,fly_ash_slag_concrete
400,0,8,120,0,300,7,34.6,Data.xlsx,fly_ash_slag_concrete
400,0,8,120,0,300,7,36.8,Data.xlsx,fly_ash_slag_concrete
400,0,8,120,0,300,7,48.4,Data.xlsx,fly_ash_slag_concrete
400,0,8,120,0,300,7,35.0,Data.xlsx,fly_ash_slag_concrete
400,0,8,120,0,300,7,39.6,Data.xlsx,fly_ash_slag_concrete
400,0,8,120,0,300,7,49.5,Data.xlsx,fly_ash_slag_concrete
400,0,8,120,0,300,14,35.3,Data.xlsx,fly_ash_slag_concrete
400,0,8,120,0,300,14,34.5,Data.xlsx,fly_ash_slag_concrete
400,0,8,120,0,300,14,37.7,Data.xlsx,fly_ash_slag_concrete
400,0,8,120,0,300,14,49.7,Data.xlsx,fly_ash_slag_concrete
400,0,8,120,0,300,14,34.4,Data.xlsx,fly_ash_slag_concrete
400,0,8,120,0,300,14,39.5,Data.xlsx,fly_ash_slag_concrete
400,0,8,120,0,300,14,50.4,Data.xlsx,fly_ash_slag_concrete
400,0,8,120,0,300,28,35.8,Data.xlsx,fly_ash_slag_concrete
400,0,8,120,0,300,28,41.7,Data.xlsx,fly_ash_slag_concrete
400,0,8,120,0,300,28,50.9,Data.xlsx,fly_ash_slag_concrete
400,0,8,120,0,300,28,35.3,Data.xlsx,fly_ash_slag_concrete
400,0,8,120,0,300,28,42.8,Data.xlsx,fly_ash_slag_concrete
400,0,8,120,0,300,28,51.8,Data.xlsx,fly_ash_slag_concrete
400,0,10,120,0,300,3,36.0,Data.xlsx,fly_ash_slag_concrete
400,0,10,120,0,300,3,35.2,Data.xlsx,fly_ash_slag_concrete
400,0,10,120,0,300,3,37.4,Data.xlsx,fly_ash_slag_concrete
400,0,10,120,0,300,3,48.9,Data.xlsx,fly_ash_slag_concrete
400,0,10,120,0,300,3,35.6,Data.xlsx,fly_ash_slag_concrete
400,0,10,120,0,300,3,40.7,Data.xlsx,fly_ash_slag_concrete
400,0,10,120,0,300,3,49.6,Data.xlsx,fly_ash_slag_concrete
400,0,10,120,0,300,7,36.1,Data.xlsx,fly_ash_slag_concrete
400,0,10,120,0,300,7,34.9,Data.xlsx,fly_ash_slag_concrete
400,0,10,120,0,300,7,37.4,Data.xlsx,fly_ash_slag_concrete
400,0,10,120,0,300,7,48.7,Data.xlsx,fly_ash_slag_concrete
400,0,10,120,0,300,7,35.2,Data.xlsx,fly_ash_slag_concrete
400,0,10,120,0,300,7,40.2,Data.xlsx,fly_ash_slag_concrete
400,0,10,120,0,300,7,49.8,Data.xlsx,fly_ash_slag_concrete
400,0,10,120,0,300,14,36.0,Data.xlsx,fly_ash_slag_concrete
400,0,10,120,0,300,14,34.6,Data.xlsx,fly_ash_slag_concrete
400,0,10,120,0,300,14,38.3,Data.xlsx,fly_ash_slag_concrete
400,0,10,120,0,300,14,49.6,Data.xlsx,fly_ash_slag_concrete
400,0,10,120,0,300,14,34.7,Data.xlsx,fly_ash_slag_concrete
400,0,10,120,0,300,14,40.3,Data.xlsx,fly_ash_slag_concrete
400,0,10,120,0,300,14,50.3,Data.xlsx,fly_ash_slag_concrete
400,0,10,120,0,300,28,36.6,Data.xlsx,fly_ash_slag_concrete
400,0,10,120,0,300,28,35.9,Data.xlsx,fly_ash_slag_concrete
400,0,10,120,0,300,28,42.7,Data.xlsx,fly_ash_slag_concrete
400,0,10,120,0,300,28,51.1,Data.xlsx,fly_ash_slag_concrete
400,0,10,120,0,300,28,43.8,Data.xlsx,fly_ash_slag_concrete
400,0,10,120,0,300,28,52.0,Data.xlsx,fly_ash_slag_concrete
400,0,12,120,0,300,3,36.8,Data.xlsx,fly_ash_slag_concrete
400,0,12,120,0,300,3,35.4,Data.xlsx,fly_ash_slag_concrete
400,0,12,120,0,300,3,38.2,Data.xlsx,fly_ash_slag_concrete
400,0,12,120,0,300,3,49.7,Data.xlsx,fly_ash_slag_concrete
400,0,12,120,0,300,3,35.9,Data.xlsx,fly_ash_slag_concrete
400,0,12,120,0,300,3,41.7,Data.xlsx,fly_ash_slag_concrete
400,0,12,120,0,300,3,49.9,Data.xlsx,fly_ash_slag_concrete
400,0,12,120,0,300,7,36.7,Data.xlsx,fly_ash_slag_concrete
400,0,12,120,0,300,7,35.2,Data.xlsx,fly_ash_slag_concrete
400,0,12,120,0,300,7,38.2,Data.xlsx,fly_ash_slag_concrete
400,0,12,120,0,300,7,49.4,Data.xlsx,fly_ash_slag_concrete
400,0,12,120,0,300,7,35.6,Data.xlsx,fly_ash_slag_concrete
400,0,12,120,0,300,7,40.9,Data.xlsx,fly_ash_slag_concrete
400,0,12,120,0,300,7,50.1,Data.xlsx,fly_ash_slag_concrete
400,0,12,120,0,300,14,36.5,Data.xlsx,fly_ash_slag_concrete
400,0,12,120,0,300,14,34.8,Data.xlsx,fly_ash_slag_concrete
400,0,12,120,0,300,14,39.1,Data.xlsx,fly_ash_slag_concrete
400,0,12,120,0,300,14,49.7,Data.xlsx,fly_ash_slag_concrete
400,0,12,120,0,300,14,35.0,Data.xlsx,fly_ash_slag_concrete
400,0,12,120,0,300,14,41.2,Data.xlsx,fly_ash_slag_concrete
400,0,12,120,0,300,14,50.6,Data.xlsx,fly_ash_slag_concrete
400,0,12,120,0,300,28,37.6,Data.xlsx,fly_ash_slag_concrete
400,0,12,120,0,300,28,36.2,Data.xlsx,fly_ash_slag_concrete
400,0,12,120,0,300,28,43.6,Data.xlsx,fly_ash_slag_concrete
400,0,12,120,0,300,28,51.4,Data.xlsx,fly_ash_slag_concrete
400,0,12,120,0,300,28,36.6,Data.xlsx,fly_ash_slag_concrete
400,0,12,120,0,300,28,44.5,Data.xlsx,fly_ash_slag_concrete
400,0,12,120,0,300,28,52.1,Data.xlsx,fly_ash_slag_concrete
400,0,14,120,0,300,3,37.3,Data.xlsx,fly_ash_slag_concrete
400,0,14,120,0,300,3,35.8,Data.xlsx,fly_ash_slag_concrete
400,0,14,120,0,300,3,39.2,Data.xlsx,fly_ash_slag_concrete
400,0,14,120,0,300,3,50.1,Data.xlsx,fly_ash_slag_concrete
400,0,14,120,0,300,3,36.2,Data.xlsx,fly_ash_slag_concrete
400,0,14,120,0,300,3,42.6,Data.xlsx,fly_ash_slag_concrete
400,0,14,120,0,300,7,37.3,Data.xlsx,fly_ash_slag_concrete
400,0,14,120,0,300,7,35.5,Data.xlsx,fly_ash_slag_concrete
400,0,14,120,0,300,7,39.0,Data.xlsx,fly_ash_slag_concrete
400,0,14,120,0,300,7,50.0,Data.xlsx,fly_ash_slag_concrete
400,0,14,120,0,300,7,36.0,Data.xlsx,fly_ash_slag_concrete
400,0,14,120,0,300,7,41.9,Data.xlsx,fly_ash_slag_concrete
400,0,14,120,0,300,7,50.4,Data.xlsx,fly_ash_slag_concrete
400,0,14,120,0,300,14,37.5,Data.xlsx,fly_ash_slag_concrete
400,0,14,120,0,300,14,35.0,Data.xlsx,fly_ash_slag_concrete
400,0,14,120,0,300,14,40.1,Data.xlsx,fly_ash_slag_concrete
400,0,14,120,0,300,14,49.8,Data.xlsx,fly_ash_slag_concrete
400,0,14,120,0,300,14,35.4,Data.xlsx,fly_ash_slag_concrete
400,0,14,120,0,300,14,42.1,Data.xlsx,fly_ash_slag_concrete
400,0,14,120,0,300,14,50.9,Data.xlsx,fly_ash_slag_concrete
400,0,14,120,0,300,28,38.6,Data.xlsx,fly_ash_slag_concrete
400,0,14,120,0,300,28,36.5,Data.xlsx,fly_ash_slag_concrete
400,0,14,120,0,300,28,44.5,Data.xlsx,fly_ash_slag_concrete
400,0,14,120,0,300,28,51.7,Data.xlsx,fly_ash_slag_concrete
400,0,14,120,0,300,28,37.2,Data.xlsx,fly_ash_slag_concrete
400,0,14,120,0,300,28,45.3,Data.xlsx,fly_ash_slag_concrete
400,0,14,120,0,300,28,52.0,Data.xlsx,fly_ash_slag_concrete
300,100,8,120,0,300,3,38.6,Data.xlsx,fly_ash_slag_concrete
300,100,8,120,0,300,3,38.3,Data.xlsx,fly_ash_slag_concrete
300,100,8,120,0,300,3,40.5,Data.xlsx,fly_ash_slag_concrete
300,100,8,120,0,300,3,52.9,Data.xlsx,fly_ash_slag_concrete
300,100,8,120,0,300,3,38.8,Data.xlsx,fly_ash_slag_concrete
300,100,8,120,0,300,3,44.0,Data.xlsx,fly_ash_slag_concrete
300,100,8,120,0,300,3,54.2,Data.xlsx,fly_ash_slag_concrete
300,100,8,120,0,300,7,38.9,Data.xlsx,fly_ash_slag_concrete
300,100,8,120,0,300,7,38.0,Data.xlsx,fly_ash_slag_concrete
300,100,8,120,0,300,7,40.5,Data.xlsx,fly_ash_slag_concrete
300,100,8,120,0,300,7,53.3,Data.xlsx,fly_ash_slag_concrete
300,100,8,120,0,300,7,38.5,Data.xlsx,fly_ash_slag_concrete
300,100,8,120,0,300,7,43.6,Data.xlsx,fly_ash_slag_concrete
300,100,8,120,0,300,7,54.5,Data.xlsx,fly_ash_slag_concrete
300,100,8,120,0,300,14,38.8,Data.xlsx,fly_ash_slag_concrete
300,100,8,120,0,300,14,37.9,Data.xlsx,fly_ash_slag_concrete
300,100,8,120,0,300,14,41.4,Data.xlsx,fly_ash_slag_concrete
300,100,8,120,0,300,14,54.7,Data.xlsx,fly_ash_slag_concrete
300,100,8,120,0,300,14,43.5,Data.xlsx,fly_ash_slag_concrete
300,100,8,120,0,300,14,55.4,Data.xlsx,fly_ash_slag_concrete
300,100,8,120,0,300,28,39.3,Data.xlsx,fly_ash_slag_concrete
300,100,8,120,0,300,28,45.8,Data.xlsx,fly_ash_slag_concrete
300,100,8,120,0,300,28,55.9,Data.xlsx,fly_ash_slag_concrete
300,100,8,120,0,300,28,38.9,Data.xlsx,fly_ash_slag_concrete
300,100,8,120,0,300,28,47.1,Data.xlsx,fly_ash_slag_concrete
300,100,8,120,0,300,28,57.0,Data.xlsx,fly_ash_slag_concrete
300,100,10,120,0,300,3,40.5,Data.xlsx,fly_ash_slag_concrete
300,100,10,120,0,300,3,40.2,Data.xlsx,fly_ash_slag_concrete
300,100,10,120,0,300,3,42.5,Data.xlsx,fly_ash_slag_concrete
300,100,10,120,0,300,3,55.5,Data.xlsx,fly_ash_slag_concrete
300,100,10,120,0,300,3,40.7,Data.xlsx,fly_ash_slag_concrete
300,100,10,120,0,300,3,46.2,Data.xlsx,fly_ash_slag_concrete
300,100,10,120,0,300,3,56.9,Data.xlsx,fly_ash_slag_concrete
300,100,10,120,0,300,7,40.8,Data.xlsx,fly_ash_slag_concrete
300,100,10,120,0,300,7,39.9,Data.xlsx,fly_ash_slag_concrete
300,100,10,120,0,300,7,42.6,Data.xlsx,fly_ash_slag_concrete
300,100,10,120,0,300,7,55.9,Data.xlsx,fly_ash_slag_concrete
300,100,10,120,0,300,7,40.5,Data.xlsx,fly_ash_slag_concrete
300,100,10,120,0,300,7,45.8,Data.xlsx,fly_ash_slag_concrete
300,100,10,120,0,300,7,57.2,Data.xlsx,fly_ash_slag_concrete
300,100,10,120,0,300,14,40.8,Data.xlsx,fly_ash_slag_concrete
300,100,10,120,0,300,14,39.8,Data.xlsx,fly_ash_slag_concrete
300,100,10,120,0,300,14,43.5,Data.xlsx,fly_ash_slag_concrete
300,100,10,120,0,300,14,57.4,Data.xlsx,fly_ash_slag_concrete
300,100,10,120,0,300,14,45.7,Data.xlsx,fly_ash_slag_concrete
300,100,10,120,0,300,14,58.2,Data.xlsx,fly_ash_slag_concrete
300,100,10,120,0,300,28,41.3,Data.xlsx,fly_ash_slag_concrete
300,100,10,120,0,300,28,48.1,Data.xlsx,fly_ash_slag_concrete
300,100,10,120,0,300,28,58.7,Data.xlsx,fly_ash_slag_concrete
300,100,10,120,0,300,28,40.8,Data.xlsx,fly_ash_slag_concrete
300,100,10,120,0,300,28,49.5,Data.xlsx,fly_ash_slag_concrete
300,100,10,120,0,300,28,59.8,Data.xlsx,fly_ash_slag_concrete
300,100,12,120,0,300,3,42.5,Data.xlsx,fly_ash_slag_concrete
300,100,12,120,0,300,3,42.2,Data.xlsx,fly_ash_slag_concrete
300,100,12,120,0,300,3,44.7,Data.xlsx,fly_ash_slag_concrete
300,100,12,120,0,300,3,58.3,Data.xlsx,fly_ash_slag_concrete
300,100,12,120,0,300,3,42.8,Data.xlsx,fly_ash_slag_concrete
300,100,12,120,0,300,3,48.6,Data.xlsx,fly_ash_slag_concrete
300,100,12,120,0,300,3,59.8,Data.xlsx,fly_ash_slag_concrete
300,100,12,120,0,300,7,42.8,Data.xlsx,fly_ash_slag_concrete
300,100,12,120,0,300,7,41.9,Data.xlsx,fly_ash_slag_concrete
300,100,12,120,0,300,7,44.7,Data.xlsx,fly_ash_slag_concrete
300,100,12,120,0,300,7,58.7,Data.xlsx,fly_ash_slag_concrete
300,100,12,120,0,300,7,42.5,Data.xlsx,fly_ash_slag_concrete
300,100,12,120,0,300,7,48.1,Data.xlsx,fly_ash_slag_concrete
300,100,12,120,0,300,7,60.0,Data.xlsx,fly_ash_slag_concrete
300,100,12,120,0,300,14,42.8,Data.xlsx,fly_ash_slag_concrete
300,100,12,120,0,300,14,41.8,Data.xlsx,fly_ash_slag_concrete
300,100,12,120,0,300,14,45.7,Data.xlsx,fly_ash_slag_concrete
300,100,12,120,0,300,14,60.3,Data.xlsx,fly_ash_slag_concrete
300,100,12,120,0,300,14,41.7,Data.xlsx,fly_ash_slag_concrete
300,100,12,120,0,300,14,48.0,Data.xlsx,fly_ash_slag_concrete
300,100,12,120,0,300,14,61.1,Data.xlsx,fly_ash_slag_concrete
300,100,12,120,0,300,28,43.4,Data.xlsx,fly_ash_slag_concrete
300,100,12,120,0,300,28,50.5,Data.xlsx,fly_ash_slag_concrete
300,100,12,120,0,300,28,61.7,Data.xlsx,fly_ash_slag_concrete
300,100,12,120,0,300,28,42.8,Data.xlsx,fly_ash_slag_concrete
300,100,12,120,0,300,28,52.0,Data.xlsx,fly_ash_slag_concrete
300,100,12,120,0,300,28,62.8,Data.xlsx,fly_ash_slag_concrete
300,100,14,120,0,300,3,44.6,Data.xlsx,fly_ash_slag_concrete
300,100,14,120,0,300,3,44.3,Data.xlsx,fly_ash_slag_concrete
300,100,14,120,0,300,3,46.9,Data.xlsx,fly_ash_slag_concrete
300,100,14,120,0,300,3,61.2,Data.xlsx,fly_ash_slag_concrete
300,100,14,120,0,300,3,44.9,Data.xlsx,fly_ash_slag_concrete
300,100,14,120,0,300,3,51.0,Data.xlsx,fly_ash_slag_concrete
300,100,14,120,0,300,3,62.8,Data.xlsx,fly_ash_slag_concrete
300,100,14,120,0,300,7,45.0,Data.xlsx,fly_ash_slag_concrete
300,100,14,120,0,300,7,44.0,Data.xlsx,fly_ash_slag_concrete
300,100,14,120,0,300,7,46.9,Data.xlsx,fly_ash_slag_concrete
300,100,14,120,0,300,7,61.7,Data.xlsx,fly_ash_slag_concrete
300,100,14,120,0,300,7,44.6,Data.xlsx,fly_ash_slag_concrete
300,100,14,120,0,300,7,50.5,Data.xlsx,fly_ash_slag_concrete
300,100,14,120,0,300,7,63.0,Data.xlsx,fly_ash_slag_concrete
300,100,14,120,0,300,14,45.0,Data.xlsx,fly_ash_slag_concrete
300,100,14,120,0,300,14,43.9,Data.xlsx,fly_ash_slag_concrete
300,100,14,120,0,300,14,48.0,Data.xlsx,fly_ash_slag_concrete
300,100,14,120,0,300,14,63.3,Data.xlsx,fly_ash_slag_concrete
300,100,14,120,0,300,14,43.8,Data.xlsx,fly_ash_slag_concrete
300,100,14,120,0,300,14,50.4,Data.xlsx,fly_ash_slag_concrete
300,100,14,120,0,300,14,64.1,Data.xlsx,fly_ash_slag_concrete
300,100,14,120,0,300,28,45.6,Data.xlsx,fly_ash_slag_concrete
300,100,14,120,0,300,28,45.5,Data.xlsx,fly_ash_slag_concrete
300,100,14,120,0,300,28,53.1,Data.xlsx,fly_ash_slag_concrete
300,100,14,120,0,300,28,64.8,Data.xlsx,fly_ash_slag_concrete
300,100,14,120,0,300,28,45.0,Data.xlsx,fly_ash_slag_concrete
300,100,14,120,0,300,28,54.6,Data.xlsx,fly_ash_slag_concrete
300,100,14,120,0,300,28,66.0,Data.xlsx,fly_ash_slag_concrete
400,0,8,120,0,800,3,23.8,Data.xlsx,fly_ash_slag_concrete
400,0,8,120,0,800,3,23.6,Data.xlsx,fly_ash_slag_concrete
400,0,8,120,0,800,3,25.0,Data.xlsx,fly_ash_slag_concrete
400,0,8,120,0,800,3,32.7,Data.xlsx,fly_ash_slag_concrete
400,0,8,120,0,800,3,24.0,Data.xlsx,fly_ash_slag_concrete
400,0,8,120,0,800,3,27.2,Data.xlsx,fly_ash_slag_concrete
400,0,8,120,0,800,3,33.5,Data.xlsx,fly_ash_slag_concrete
400,0,8,120,0,800,7,24.0,Data.xlsx,fly_ash_slag_concrete
400,0,8,120,0,800,7,23.5,Data.xlsx,fly_ash_slag_concrete
400,0,8,120,0,800,7,25.0,Data.xlsx,fly_ash_slag_concrete
400,0,8,120,0,800,7,32.9,Data.xlsx,fly_ash_slag_concrete
400,0,8,120,0,800,7,23.8,Data.xlsx,fly_ash_slag_concrete
400,0,8,120,0,800,7,26.9,Data.xlsx,fly_ash_slag_concrete
400,0,8,120,0,800,7,33.6,ambiguous:Data.xlsx|N_data.xls,fly_ash_slag_concrete
400,0,8,120,0,800,14,24.0,Data.xlsx,fly_ash_slag_concrete
400,0,8,120,0,800,14,23.4,Data.xlsx,fly_ash_slag_concrete
400,0,8,120,0,800,14,25.6,Data.xlsx,fly_ash_slag_concrete
400,0,8,120,0,800,14,33.8,Data.xlsx,fly_ash_slag_concrete
400,0,8,120,0,800,14,26.9,Data.xlsx,fly_ash_slag_concrete
400,0,8,120,0,800,14,34.2,Data.xlsx,fly_ash_slag_concrete
400,0,8,120,0,800,28,24.3,Data.xlsx,fly_ash_slag_concrete
400,0,8,120,0,800,28,28.3,Data.xlsx,fly_ash_slag_concrete
400,0,8,120,0,800,28,34.6,Data.xlsx,fly_ash_slag_concrete
400,0,8,120,0,800,28,24.0,Data.xlsx,fly_ash_slag_concrete
400,0,8,120,0,800,28,29.1,Data.xlsx,fly_ash_slag_concrete
400,0,8,120,0,800,28,35.2,Data.xlsx,fly_ash_slag_concrete
400,0,10,120,0,800,3,24.5,Data.xlsx,fly_ash_slag_concrete
400,0,10,120,0,800,3,23.9,Data.xlsx,fly_ash_slag_concrete
400,0,10,120,0,800,3,25.4,Data.xlsx,fly_ash_slag_concrete
400,0,10,120,0,800,3,33.2,Data.xlsx,fly_ash_slag_concrete
400,0,10,120,0,800,3,24.2,Data.xlsx,fly_ash_slag_concrete
400,0,10,120,0,800,3,27.7,Data.xlsx,fly_ash_slag_concrete
400,0,10,120,0,800,3,33.7,Data.xlsx,fly_ash_slag_concrete
400,0,10,120,0,800,7,24.6,Data.xlsx,fly_ash_slag_concrete
400,0,10,120,0,800,7,23.7,Data.xlsx,fly_ash_slag_concrete
400,0,10,120,0,800,7,25.4,Data.xlsx,fly_ash_slag_concrete
400,0,10,120,0,800,7,33.1,Data.xlsx,fly_ash_slag_concrete
400,0,10,120,0,800,7,23.9,Data.xlsx,fly_ash_slag_concrete
400,0,10,120,0,800,7,27.3,Data.xlsx,fly_ash_slag_concrete
400,0,10,120,0,800,7,33.9,Data.xlsx,fly_ash_slag_concrete
400,0,10,120,0,800,14,24.5,Data.xlsx,fly_ash_slag_concrete
400,0,10,120,0,800,14,23.5,Data.xlsx,fly_ash_slag_concrete
400,0,10,120,0,800,14,26.0,Data.xlsx,fly_ash_slag_concrete
400,0,10,120,0,800,14,33.7,Data.xlsx,fly_ash_slag_concrete
400,0,10,120,0,800,14,23.6,Data.xlsx,fly_ash_slag_concrete
400,0,10,120,0,800,14,27.4,Data.xlsx,fly_ash_slag_concrete
400,0,10,120,0,800,14,34.2,Data.xlsx,fly_ash_slag_concrete
400,0,10,120,0,800,28,24.9,Data.xlsx,fly_ash_slag_concrete
400,0,10,120,0,800,28,24.4,Data.xlsx,fly_ash_slag_concrete
400,0,10,120,0,800,28,29.0,Data.xlsx,fly_ash_slag_concrete
400,0,10,120,0,800,28,34.7,Data.xlsx,fly_ash_slag_concrete
400,0,10,120,0,800,28,29.8,Data.xlsx,fly_ash_slag_concrete
400,0,10,120,0,800,28,35.3,Data.xlsx,fly_ash_slag_concrete
400,0,12,120,0,800,3,25.0,Data.xlsx,fly_ash_slag_concrete
400,0,12,120,0,800,3,24.1,Data.xlsx,fly_ash_slag_concrete
400,0,12,120,0,800,3,25.9,Data.xlsx,fly_ash_slag_concrete
400,0,12,120,0,800,3,33.8,Data.xlsx,fly_ash_slag_concrete
400,0,12,120,0,800,3,24.4,Data.xlsx,fly_ash_slag_concrete
400,0,12,120,0,800,3,28.3,Data.xlsx,fly_ash_slag_concrete
400,0,12,120,0,800,3,33.9,Data.xlsx,fly_ash_slag_concrete
400,0,12,120,0,800,7,25.0,Data.xlsx,fly_ash_slag_concrete
400,0,12,120,0,800,7,23.9,Data.xlsx,fly_ash_slag_concrete
400,0,12,120,0,800,7,25.9,Data.xlsx,fly_ash_slag_concrete
400,0,12,120,0,800,7,33.6,ambiguous:Data.xlsx|N_data.xls,fly_ash_slag_concrete
400,0,12,120,0,800,7,24.2,Data.xlsx,fly_ash_slag_concrete
400,0,12,120,0,800,7,27.8,Data.xlsx,fly_ash_slag_concrete
400,0,12,120,0,800,7,34.0,Data.xlsx,fly_ash_slag_concrete
400,0,12,120,0,800,14,24.8,Data.xlsx,fly_ash_slag_concrete
400,0,12,120,0,800,14,23.6,Data.xlsx,fly_ash_slag_concrete
400,0,12,120,0,800,14,26.6,Data.xlsx,fly_ash_slag_concrete
400,0,12,120,0,800,14,33.8,Data.xlsx,fly_ash_slag_concrete
400,0,12,120,0,800,14,23.8,Data.xlsx,fly_ash_slag_concrete
400,0,12,120,0,800,14,28.0,Data.xlsx,fly_ash_slag_concrete
400,0,12,120,0,800,14,34.4,Data.xlsx,fly_ash_slag_concrete
400,0,12,120,0,800,28,25.6,Data.xlsx,fly_ash_slag_concrete
400,0,12,120,0,800,28,24.6,Data.xlsx,fly_ash_slag_concrete
400,0,12,120,0,800,28,29.6,Data.xlsx,fly_ash_slag_concrete
400,0,12,120,0,800,28,34.9,Data.xlsx,fly_ash_slag_concrete
400,0,12,120,0,800,28,24.9,Data.xlsx,fly_ash_slag_concrete
400,0,12,120,0,800,28,30.3,Data.xlsx,fly_ash_slag_concrete
400,0,12,120,0,800,28,35.4,Data.xlsx,fly_ash_slag_concrete
400,0,14,120,0,800,3,25.3,Data.xlsx,fly_ash_slag_concrete
400,0,14,120,0,800,3,24.3,Data.xlsx,fly_ash_slag_concrete
400,0,14,120,0,800,3,26.6,Data.xlsx,fly_ash_slag_concrete
400,0,14,120,0,800,3,34.0,Data.xlsx,fly_ash_slag_concrete
400,0,14,120,0,800,3,24.6,Data.xlsx,fly_ash_slag_concrete
400,0,14,120,0,800,3,29.0,Data.xlsx,fly_ash_slag_concrete
400,0,14,120,0,800,3,34.1,Data.xlsx,fly_ash_slag_concrete
400,0,14,120,0,800,7,25.4,Data.xlsx,fly_ash_slag_concrete
400,0,14,120,0,800,7,24.1,Data.xlsx,fly_ash_slag_concrete
400,0,14,120,0,800,7,26.5,Data.xlsx,fly_ash_slag_concrete
400,0,14,120,0,800,7,34.0,Data.xlsx,fly_ash_slag_concrete
400,0,14,120,0,800,7,24.5,Data.xlsx,fly_ash_slag_concrete
400,0,14,120,0,800,7,28.5,Data.xlsx,fly_ash_slag_concrete
400,0,14,120,0,800,7,34.3,Data.xlsx,fly_ash_slag_concrete
400,0,14,120,0,800,14,25.5,Data.xlsx,fly_ash_slag_concrete
400,0,14,120,0,800,14,23.8,Data.xlsx,fly_ash_slag_concrete
400,0,14,120,0,800,14,27.3,Data.xlsx,fly_ash_slag_concrete
400,0,14,120,0,800,14,33.8,Data.xlsx,fly_ash_slag_concrete
400,0,14,120,0,800,14,24.1,Data.xlsx,fly_ash_slag_concrete
400,0,14,120,0,800,14,28.6,Data.xlsx,fly_ash_slag_concrete
400,0,14,120,0,800,14,34.6,Data.xlsx,fly_ash_slag_concrete
400,0,14,120,0,800,28,26.3,Data.xlsx,fly_ash_slag_concrete
400,0,14,120,0,800,28,24.8,Data.xlsx,fly_ash_slag_concrete
400,0,14,120,0,800,28,30.2,Data.xlsx,fly_ash_slag_concrete
400,0,14,120,0,800,28,35.1,Data.xlsx,fly_ash_slag_concrete
400,0,14,120,0,800,28,25.3,Data.xlsx,fly_ash_slag_concrete
400,0,14,120,0,800,28,30.8,Data.xlsx,fly_ash_slag_concrete
400,0,14,120,0,800,28,35.3,Data.xlsx,fly_ash_slag_concrete
300,100,8,120,0,800,3,26.2,Data.xlsx,fly_ash_slag_concrete
300,100,8,120,0,800,3,26.0,Data.xlsx,fly_ash_slag_concrete
300,100,8,120,0,800,3,27.5,Data.xlsx,fly_ash_slag_concrete
300,100,8,120,0,800,3,35.9,Data.xlsx,fly_ash_slag_concrete
300,100,8,120,0,800,3,26.4,Data.xlsx,fly_ash_slag_concrete
300,100,8,120,0,800,3,29.9,Data.xlsx,fly_ash_slag_concrete
300,100,8,120,0,800,3,36.8,Data.xlsx,fly_ash_slag_concrete
300,100,8,120,0,800,7,26.4,Data.xlsx,fly_ash_slag_concrete
300,100,8,120,0,800,7,25.8,Data.xlsx,fly_ash_slag_concrete
300,100,8,120,0,800,7,27.6,Data.xlsx,fly_ash_slag_concrete
300,100,8,120,0,800,7,36.2,Data.xlsx,fly_ash_slag_concrete
300,100,8,120,0,800,7,26.2,Data.xlsx,fly_ash_slag_concrete
300,100,8,120,0,800,7,29.6,Data.xlsx,fly_ash_slag_concrete
300,100,8,120,0,800,7,37.0,Data.xlsx,fly_ash_slag_concrete
300,100,8,120,0,800,14,26.4,Data.xlsx,fly_ash_slag_concrete
300,100,8,120,0,800,14,25.8,Data.xlsx,fly_ash_slag_concrete
300,100,8,120,0,800,14,28.2,Data.xlsx,fly_ash_slag_concrete
300,100,8,120,0,800,14,37.2,Data.xlsx,fly_ash_slag_concrete
300,100,8,120,0,800,14,25.7,Data.xlsx,fly_ash_slag_concrete
300,100,8,120,0,800,14,29.6,Data.xlsx,fly_ash_slag_concrete
300,100,8,120,0,800,14,37.7,Data.xlsx,fly_ash_slag_concrete
300,100,8,120,0,800,28,26.7,Data.xlsx,fly_ash_slag_concrete
300,100,8,120,0,800,28,31.2,Data.xlsx,fly_ash_slag_concrete
300,100,8,120,0,800,28,38.0,Data.xlsx,fly_ash_slag_concrete
300,100,8,120,0,800,28,26.4,Data.xlsx,fly_ash_slag_concrete
300,100,8,120,0,800,28,32.0,Data.xlsx,fly_ash_slag_concrete
300,100,8,120,0,800,28,38.7,Data.xlsx,fly_ash_slag_concrete
300,100,10,120,0,800,3,27.5,Data.xlsx,fly_ash_slag_concrete
300,100,10,120,0,800,3,27.3,Data.xlsx,fly_ash_slag_concrete
300,100,10,120,0,800,3,28.9,Data.xlsx,fly_ash_slag_concrete
300,100,10,120,0,800,3,37.7,Data.xlsx,fly_ash_slag_concrete
300,100,10,120,0,800,3,27.7,Data.xlsx,fly_ash_slag_concrete
300,100,10,120,0,800,3,31.4,Data.xlsx,fly_ash_slag_concrete
300,100,10,120,0,800,3,38.7,Data.xlsx,fly_ash_slag_concrete
300,100,10,120,0,800,7,27.7,Data.xlsx,fly_ash_slag_concrete
300,100,10,120,0,800,7,27.1,Data.xlsx,fly_ash_slag_concrete
300,100,10,120,0,800,7,28.9,Data.xlsx,fly_ash_slag_concrete
300,100,10,120,0,800,7,38.0,Data.xlsx,fly_ash_slag_concrete
300,100,10,120,0,800,7,27.5,Data.xlsx,fly_ash_slag_concrete
300,100,10,120,0,800,7,31.1,Data.xlsx,fly_ash_slag_concrete
300,100,10,120,0,800,7,38.9,Data.xlsx,fly_ash_slag_concrete
300,100,10,120,0,800,14,27.7,Data.xlsx,fly_ash_slag_concrete
300,100,10,120,0,800,14,27.1,Data.xlsx,fly_ash_slag_concrete
300,100,10,120,0,800,14,29.6,Data.xlsx,fly_ash_slag_concrete
300,100,10,120,0,800,14,39.0,Data.xlsx,fly_ash_slag_concrete
300,100,10,120,0,800,14,27.0,Data.xlsx,fly_ash_slag_concrete
300,100,10,120,0,800,14,31.0,Data.xlsx,fly_ash_slag_concrete
300,100,10,120,0,800,14,39.5,Data.xlsx,fly_ash_slag_concrete
300,100,10,120,0,800,28,28.1,Data.xlsx,fly_ash_slag_concrete
300,100,10,120,0,800,28,32.7,Data.xlsx,fly_ash_slag_concrete
300,100,10,120,0,800,28,39.9,Data.xlsx,fly_ash_slag_concrete
300,100,10,120,0,800,28,27.7,Data.xlsx,fly_ash_slag_concrete
300,100,10,120,0,800,28,33.6,ambiguous:Data.xlsx|N_data.xls,fly_ash_slag_concrete
300,100,10,120,0,800,28,40.7,Data.xlsx,fly_ash_slag_concrete
300,100,12,120,0,800,3,28.9,Data.xlsx,fly_ash_slag_concrete
300,100,12,120,0,800,3,28.7,Data.xlsx,fly_ash_slag_concrete
300,100,12,120,0,800,3,30.4,Data.xlsx,fly_ash_slag_concrete
300,100,12,120,0,800,3,39.6,Data.xlsx,fly_ash_slag_concrete
300,100,12,120,0,800,3,29.1,Data.xlsx,fly_ash_slag_concrete
300,100,12,120,0,800,3,33.0,Data.xlsx,fly_ash_slag_concrete
300,100,12,120,0,800,3,40.6,Data.xlsx,fly_ash_slag_concrete
300,100,12,120,0,800,7,29.1,Data.xlsx,fly_ash_slag_concrete
300,100,12,120,0,800,7,28.5,Data.xlsx,fly_ash_slag_concrete
300,100,12,120,0,800,7,30.4,Data.xlsx,fly_ash_slag_concrete
300,100,12,120,0,800,7,39.9,Data.xlsx,fly_ash_slag_concrete
300,100,12,120,0,800,7,28.9,Data.xlsx,fly_ash_slag_concrete
300,100,12,120,0,800,7,32.7,Data.xlsx,fly_ash_slag_concrete
300,100,12,120,0,800,7,40.8,Data.xlsx,fly_ash_slag_concrete
300,100,12,120,0,800,14,29.1,Data.xlsx,fly_ash_slag_concrete
300,100,12,120,0,800,14,28.4,Data.xlsx,fly_ash_slag_concrete
300,100,12,120,0,800,14,31.1,Data.xlsx,fly_ash_slag_concrete
300,100,12,120,0,800,14,41.0,Data.xlsx,fly_ash_slag_concrete
300,100,12,120,0,800,14,32.6,Data.xlsx,fly_ash_slag_concrete
300,100,12,120,0,800,14,41.5,Data.xlsx,fly_ash_slag_concrete
300,100,12,120,0,800,28,29.5,Data.xlsx,fly_ash_slag_concrete
300,100,12,120,0,800,28,34.4,Data.xlsx,fly_ash_slag_concrete
300,100,12,120,0,800,28,41.9,Data.xlsx,fly_ash_slag_concrete
300,100,12,120,0,800,28,29.1,Data.xlsx,fly_ash_slag_concrete
300,100,12,120,0,800,28,35.3,Data.xlsx,fly_ash_slag_concrete
300,100,12,120,0,800,28,42.7,Data.xlsx,fly_ash_slag_concrete
300,100,14,120,0,800,3,30.3,Data.xlsx,fly_ash_slag_concrete
300,100,14,120,0,800,3,30.1,Data.xlsx,fly_ash_slag_concrete
300,100,14,120,0,800,3,31.9,Data.xlsx,fly_ash_slag_concrete
300,100,14,120,0,800,3,41.6,Data.xlsx,fly_ash_slag_concrete
300,100,14,120,0,800,3,30.5,Data.xlsx,fly_ash_slag_concrete
300,100,14,120,0,800,3,34.7,Data.xlsx,fly_ash_slag_concrete
300,100,14,120,0,800,3,42.7,Data.xlsx,fly_ash_slag_concrete
300,100,14,120,0,800,7,30.6,Data.xlsx,fly_ash_slag_concrete
300,100,14,120,0,800,7,29.9,Data.xlsx,fly_ash_slag_concrete
300,100,14,120,0,800,7,31.9,Data.xlsx,fly_ash_slag_concrete
300,100,14,120,0,800,7,41.9,Data.xlsx,fly_ash_slag_concrete
300,100,14,120,0,800,7,30.3,Data.xlsx,fly_ash_slag_concrete
300,100,14,120,0,800,7,34.3,Data.xlsx,fly_ash_slag_concrete
300,100,14,120,0,800,7,42.9,Data.xlsx,fly_ash_slag_concrete
300,100,14,120,0,800,14,30.6,Data.xlsx,fly_ash_slag_concrete
300,100,14,120,0,800,14,29.8,Data.xlsx,fly_ash_slag_concrete
300,100,14,120,0,800,14,32.6,Data.xlsx,fly_ash_slag_concrete
300,100,14,120,0,800,14,43.0,Data.xlsx,fly_ash_slag_concrete
300,100,14,120,0,800,14,34.2,Data.xlsx,fly_ash_slag_concrete
300,100,14,120,0,800,14,43.6,Data.xlsx,fly_ash_slag_concrete
300,100,14,120,0,800,28,31.0,Data.xlsx,fly_ash_slag_concrete
300,100,14,120,0,800,28,36.1,Data.xlsx,fly_ash_slag_concrete
300,100,14,120,0,800,28,44.0,Data.xlsx,fly_ash_slag_concrete
300,100,14,120,0,800,28,30.6,Data.xlsx,fly_ash_slag_concrete
300,100,14,120,0,800,28,37.1,Data.xlsx,fly_ash_slag_concrete
300,100,14,120,0,800,28,44.8,Data.xlsx,fly_ash_slag_concrete
1350,0,8,270,0,0,7,24.82,N_data.xls,fly_ash_slag_concrete
1350,0,8,270,220,0,7,27.16,N_data.xls,fly_ash_slag_concrete
1350,0,8,270,440,0,7,28.49,N_data.xls,fly_ash_slag_concrete
1350,0,8,270,660,0,7,29.59,N_data.xls,fly_ash_slag_concrete
1350,0,8,270,880,0,7,32.07,N_data.xls,fly_ash_slag_concrete
1350,0,8,270,1100,0,7,34.32,N_data.xls,fly_ash_slag_concrete
1350,0,8,360,0,0,7,27.19,N_data.xls,fly_ash_slag_concrete
1350,0,8,360,220,0,7,29.87,N_data.xls,fly_ash_slag_concrete
1350,0,8,360,440,0,7,30.52,N_data.xls,fly_ash_slag_concrete
1350,0,8,360,660,0,7,31.63,N_data.xls,fly_ash_slag_concrete
1350,0,8,360,880,0,7,33.69,N_data.xls,fly_ash_slag_concrete
1350,0,8,360,1100,0,7,36.72,N_data.xls,fly_ash_slag_concrete
1350,0,8,405,0,0,7,23.59,N_data.xls,fly_ash_slag_concrete
1350,0,8,405,220,0,7,25.87,N_data.xls,fly_ash_slag_concrete
1350,0,8,405,440,0,7,26.89,N_data.xls,fly_ash_slag_concrete
1350,0,8,405,660,0,7,30.57,N_data.xls,fly_ash_slag_concrete
1350,0,8,405,880,0,7,31.56,N_data.xls,fly_ash_slag_concrete
1350,0,8,405,1100,0,7,33.58,N_data.xls,fly_ash_slag_concrete
1350,0,8,270,0,0,28,31.52,N_data.xls,fly_ash_slag_concrete
1350,0,8,270,220,0,28,32.46,N_data.xls,fly_ash_slag_concrete
1350,0,8,270,440,0,28,36.89,N_data.xls,fly_ash_slag_concrete
1350,0,8,270,660,0,28,38.41,N_data.xls,fly_ash_slag_concrete
1350,0,8,270,880,0,28,41.32,N_data.xls,fly_ash_slag_concrete
1350,0,8,270,1100,0,28,42.13,N_data.xls,fly_ash_slag_concrete
1350,0,8,360,0,0,28,33.28,N_data.xls,fly_ash_slag_concrete
1350,0,8,360,220,0,28,35.12,N_data.xls,fly_ash_slag_concrete
1350,0,8,360,440,0,28,38.54,N_data.xls,fly_ash_slag_concrete
1350,0,8,360,660,0,28,40.29,N_data.xls,fly_ash_slag_concrete
1350,0,8,360,880,0,28,43.69,N_data.xls,fly_ash_slag_concrete
1350,0,8,360,1100,0,28,45.27,N_data.xls,fly_ash_slag_concrete
1350,0,8,405,0,0,28,30.54,N_data.xls,fly_ash_slag_concrete
1350,0,8,405,220,0,28,31.25,N_data.xls,fly_ash_slag_concrete
1350,0,8,405,440,0,28,34.89,N_data.xls,fly_ash_slag_concrete
1350,0,8,405,660,0,28,37.41,N_data.xls,fly_ash_slag_concrete
1350,0,8,405,880,0,28,39.87,N_data.xls,fly_ash_slag_concrete
1350,0,8,405,1100,0,28,40.56,N_data.xls,fly_ash_slag_concrete
1350,0,8,270,0,0,90,36.61,N_data.xls,fly_ash_slag_concrete
1350,0,8,270,220,0,90,38.32,N_data.xls,fly_ash_slag_concrete
1350,0,8,270,440,0,90,43.45,N_data.xls,fly_ash_slag_concrete
1350,0,8,270,660,0,90,45.21,N_data.xls,fly_ash_slag_concrete
1350,0,8,270,880,0,90,47.62,N_data.xls,fly_ash_slag_concrete
1350,0,8,270,1100,0,90,48.56,N_data.xls,fly_ash_slag_concrete
1350,0,8,360,0,0,90,38.25,N_data.xls,fly_ash_slag_concrete
1350,0,8,360,220,0,90,40.54,N_data.xls,fly_ash_slag_concrete
1350,0,8,360,440,0,90,44.98,N_data.xls,fly_ash_slag_concrete
1350,0,8,360,660,0,90,46.92,N_data.xls,fly_ash_slag_concrete
1350,0,8,360,880,0,90,49.23,N_data.xls,fly_ash_slag_concrete
1350,0,8,360,1100,0,90,51.18,N_data.xls,fly_ash_slag_concrete
1350,0,8,405,0,0,90,34.98,N_data.xls,fly_ash_slag_concrete
1350,0,8,405,220,0,90,37.57,N_data.xls,fly_ash_slag_concrete
1350,0,8,405,440,0,90,41.56,N_data.xls,fly_ash_slag_concrete
1350,0,8,405,660,0,90,44.23,N_data.xls,fly_ash_slag_concrete
1350,0,8,405,880,0,90,45.58,N_data.xls,fly_ash_slag_concrete
1350,0,8,405,1100,0,90,46.16,N_data.xls,fly_ash_slag_concrete
1350,0,10,270,0,0,7,27.12,N_data.xls,fly_ash_slag_concrete
1350,0,10,270,220,0,7,29.32,N_data.xls,fly_ash_slag_concrete
1350,0,10,270,440,0,7,30.98,N_data.xls,fly_ash_slag_concrete
1350,0,10,270,660,0,7,32.56,N_data.xls,fly_ash_slag_concrete
1350,0,10,270,880,0,7,35.78,N_data.xls,fly_ash_slag_concrete
1350,0,10,270,1100,0,7,37.12,N_data.xls,fly_ash_slag_concrete
1350,0,10,360,0,0,7,29.45,N_data.xls,fly_ash_slag_concrete
1350,0,10,360,220,0,7,31.56,N_data.xls,fly_ash_slag_concrete
1350,0,10,360,440,0,7,32.78,N_data.xls,fly_ash_slag_concrete
1350,0,10,360,660,0,7,33.99,N_data.xls,fly_ash_slag_concrete
1350,0,10,360,880,0,7,36.78,N_data.xls,fly_ash_slag_concrete
1350,0,10,360,1100,0,7,39.29,N_data.xls,fly_ash_slag_concrete
1350,0,10,405,0,0,7,25.47,N_data.xls,fly_ash_slag_concrete
1350,0,10,405,220,0,7,27.98,N_data.xls,fly_ash_slag_concrete
1350,0,10,405,440,0,7,29.25,N_data.xls,fly_ash_slag_concrete
1350,0,10,405,660,0,7,30.68,N_data.xls,fly_ash_slag_concrete
1350,0,10,405,880,0,7,33.78,N_data.xls,fly_ash_slag_concrete
1350,0,10,405,1100,0,7,35.69,N_data.xls,fly_ash_slag_concrete
1350,0,10,270,0,0,28,34.96,N_data.xls,fly_ash_slag_concrete
1350,0,10,270,220,0,28,35.87,N_data.xls,fly_ash_slag_concrete
1350,0,10,270,440,0,28,39.56,N_data.xls,fly_ash_slag_concrete
1350,0,10,270,660,0,28,42.65,N_data.xls,fly_ash_slag_concrete
1350,0,10,270,880,0,28,46.12,N_data.xls,fly_ash_slag_concrete
1350,0,10,270,1100,0,28,47.28,N_data.xls,fly_ash_slag_concrete
1350,0,10,360,0,0,28,36.45,N_data.xls,fly_ash_slag_concrete
1350,0,10,360,220,0,28,37.54,N_data.xls,fly_ash_slag_concrete
1350,0,10,360,440,0,28,40.98,N_data.xls,fly_ash_slag_concrete
1350,0,10,360,660,0,28,43.65,N_data.xls,fly_ash_slag_concrete
1350,0,10,360,880,0,28,47.58,N_data.xls,fly_ash_slag_concrete
1350,0,10,360,1100,0,28,49.24,N_data.xls,fly_ash_slag_concrete
1350,0,10,405,0,0,28,33.57,N_data.xls,fly_ash_slag_concrete
1350,0,10,405,220,0,28,34.43,N_data.xls,fly_ash_slag_concrete
1350,0,10,405,440,0,28,37.26,N_data.xls,fly_ash_slag_concrete
1350,0,10,405,660,0,28,40.69,N_data.xls,fly_ash_slag_concrete
1350,0,10,405,880,0,28,44.29,N_data.xls,fly_ash_slag_concrete
1350,0,10,405,1100,0,28,45.87,N_data.xls,fly_ash_slag_concrete
1350,0,10,270,0,0,90,36.18,N_data.xls,fly_ash_slag_concrete
1350,0,10,270,220,0,90,38.23,N_data.xls,fly_ash_slag_concrete
1350,0,10,270,440,0,90,42.98,N_data.xls,fly_ash_slag_concrete
1350,0,10,270,660,0,90,45.39,N_data.xls,fly_ash_slag_concrete
1350,0,10,270,880,0,90,47.62,N_data.xls,fly_ash_slag_concrete
1350,0,10,270,1100,0,90,49.46,N_data.xls,fly_ash_slag_concrete
1350,0,10,360,0,0,90,37.65,N_data.xls,fly_ash_slag_concrete
1350,0,10,360,220,0,90,39.43,N_data.xls,fly_ash_slag_concrete
1350,0,10,360,440,0,90,44.98,N_data.xls,fly_ash_slag_concrete
1350,0,10,360,660,0,90,47.36,N_data.xls,fly_ash_slag_concrete
1350,0,10,360,880,0,90,50.09,N_data.xls,fly_ash_slag_concrete
1350,0,10,360,1100,0,90,52.47,N_data.xls,fly_ash_slag_concrete
1350,0,10,405,0,0,90,34.58,N_data.xls,fly_ash_slag_concrete
1350,0,10,405,220,0,90,36.4,N_data.xls,fly_ash_slag_concrete
1350,0,10,405,440,0,90,39.52,N_data.xls,fly_ash_slag_concrete
1350,0,10,405,660,0,90,41.56,N_data.xls,fly_ash_slag_concrete
1350,0,10,405,880,0,90,43.57,N_data.xls,fly_ash_slag_concrete
1350,0,10,405,1100,0,90,45.28,N_data.xls,fly_ash_slag_concrete
1350,0,12,270,0,0,7,27.12,N_data.xls,fly_ash_slag_concrete
1350,0,12,270,220,0,7,29.32,N_data.xls,fly_ash_slag_concrete
1350,0,12,270,440,0,7,30.98,N_data.xls,fly_ash_slag_concrete
1350,0,12,270,660,0,7,32.56,N_data.xls,fly_ash_slag_concrete
1350,0,12,270,880,0,7,35.78,N_data.xls,fly_ash_slag_concrete
1350,0,12,270,1100,0,7,37.12,N_data.xls,fly_ash_slag_concrete
1350,0,12,360,0,0,7,29.45,N_data.xls,fly_ash_slag_concrete
1350,0,12,360,220,0,7,31.56,N_data.xls,fly_ash_slag_concrete
1350,0,12,360,440,0,7,32.78,N_data.xls,fly_ash_slag_concrete
1350,0,12,360,660,0,7,33.99,N_data.xls,fly_ash_slag_concrete
1350,0,12,360,880,0,7,36.78,N_data.xls,fly_ash_slag_concrete
1350,0,12,360,1100,0,7,39.29,N_data.xls,fly_ash_slag_concrete
1350,0,12,405,0,0,7,25.47,N_data.xls,fly_ash_slag_concrete
1350,0,12,405,220,0,7,27.98,N_data.xls,fly_ash_slag_concrete
1350,0,12,405,440,0,7,29.25,N_data.xls,fly_ash_slag_concrete
1350,0,12,405,660,0,7,30.68,N_data.xls,fly_ash_slag_concrete
1350,0,12,405,880,0,7,33.78,N_data.xls,fly_ash_slag_concrete
1350,0,12,405,1100,0,7,35.69,N_data.xls,fly_ash_slag_concrete
1350,0,12,270,0,0,28,34.96,N_data.xls,fly_ash_slag_concrete
1350,0,12,270,220,0,28,35.87,N_data.xls,fly_ash_slag_concrete
1350,0,12,270,440,0,28,39.56,N_data.xls,fly_ash_slag_concrete
1350,0,12,270,660,0,28,42.65,N_data.xls,fly_ash_slag_concrete
1350,0,12,270,880,0,28,46.12,N_data.xls,fly_ash_slag_concrete
1350,0,12,270,1100,0,28,47.28,N_data.xls,fly_ash_slag_concrete
1350,0,12,360,0,0,28,36.45,N_data.xls,fly_ash_slag_concrete
1350,0,12,360,220,0,28,37.54,N_data.xls,fly_ash_slag_concrete
1350,0,12,360,440,0,28,40.98,N_data.xls,fly_ash_slag_concrete
1350,0,12,360,660,0,28,43.65,N_data.xls,fly_ash_slag_concrete
1350,0,12,360,880,0,28,47.58,N_data.xls,fly_ash_slag_concrete
1350,0,12,360,1100,0,28,49.24,N_data.xls,fly_ash_slag_concrete
1350,0,12,405,0,0,28,33.57,N_data.xls,fly_ash_slag_concrete
1350,0,12,405,220,0,28,34.43,N_data.xls,fly_ash_slag_concrete
1350,0,12,405,440,0,28,37.26,N_data.xls,fly_ash_slag_concrete
1350,0,12,405,660,0,28,40.69,N_data.xls,fly_ash_slag_concrete
1350,0,12,405,880,0,28,44.29,N_data.xls,fly_ash_slag_concrete
1350,0,12,405,1100,0,28,45.87,N_data.xls,fly_ash_slag_concrete
1350,0,12,270,0,0,90,36.18,N_data.xls,fly_ash_slag_concrete
1350,0,12,270,220,0,90,38.23,N_data.xls,fly_ash_slag_concrete
1350,0,12,270,440,0,90,42.98,N_data.xls,fly_ash_slag_concrete
1350,0,12,270,660,0,90,45.39,N_data.xls,fly_ash_slag_concrete
1350,0,12,270,880,0,90,47.62,N_data.xls,fly_ash_slag_concrete
1350,0,12,270,1100,0,90,49.46,N_data.xls,fly_ash_slag_concrete
1350,0,12,360,0,0,90,37.65,N_data.xls,fly_ash_slag_concrete
1350,0,12,360,220,0,90,39.43,N_data.xls,fly_ash_slag_concrete
1350,0,12,360,440,0,90,44.98,N_data.xls,fly_ash_slag_concrete
1350,0,12,360,660,0,90,47.36,N_data.xls,fly_ash_slag_concrete
1350,0,12,360,880,0,90,50.09,N_data.xls,fly_ash_slag_concrete
1350,0,12,360,1100,0,90,52.47,N_data.xls,fly_ash_slag_concrete
1350,0,12,405,0,0,90,34.58,N_data.xls,fly_ash_slag_concrete
1350,0,12,405,220,0,90,36.4,N_data.xls,fly_ash_slag_concrete
1350,0,12,405,440,0,90,39.52,N_data.xls,fly_ash_slag_concrete
1350,0,12,405,660,0,90,41.56,N_data.xls,fly_ash_slag_concrete
1350,0,12,405,880,0,90,43.57,N_data.xls,fly_ash_slag_concrete
1350,0,12,405,1100,0,90,45.28,N_data.xls,fly_ash_slag_concrete
1350,0,10,360,0,200,7,34.36,N_data.xls,fly_ash_slag_concrete
1350,0,10,360,0,400,7,32.17,N_data.xls,fly_ash_slag_concrete
1350,0,10,360,0,600,7,29.36,N_data.xls,fly_ash_slag_concrete
1350,0,10,0,660,200,7,40.83,N_data.xls,fly_ash_slag_concrete
1350,0,10,360,660,400,7,38.09,N_data.xls,fly_ash_slag_concrete
1350,0,10,360,660,600,7,34.73,N_data.xls,fly_ash_slag_concrete
1350,0,10,360,880,200,7,44.02,N_data.xls,fly_ash_slag_concrete
1350,0,10,360,880,400,7,41.69,N_data.xls,fly_ash_slag_concrete
1350,0,10,360,880,600,7,36.31,N_data.xls,fly_ash_slag_concrete
1350,0,10,360,1100,200,7,45.38,N_data.xls,fly_ash_slag_concrete
1350,0,10,360,1100,400,7,42.31,N_data.xls,fly_ash_slag_concrete
1350,0,10,360,1100,600,7,39.06,N_data.xls,fly_ash_slag_concrete
1350,0,10,360,0,200,28,35.62,N_data.xls,fly_ash_slag_concrete
1350,0,10,360,0,400,28,33.6,ambiguous:Data.xlsx|N_data.xls,fly_ash_slag_concrete
1350,0,10,360,0,600,28,31.52,N_data.xls,fly_ash_slag_concrete
1350,0,10,360,660,200,28,43.22,N_data.xls,fly_ash_slag_concrete
1350,0,10,360,660,400,28,41.75,N_data.xls,fly_ash_slag_concrete
1350,0,10,360,660,600,28,37.98,N_data.xls,fly_ash_slag_concrete
1350,0,10,360,880,200,28,46.82,N_data.xls,fly_ash_slag_concrete
1350,0,10,360,880,400,28,44.64,N_data.xls,fly_ash_slag_concrete
1350,0,10,360,880,600,28,40.19,N_data.xls,fly_ash_slag_concrete
1350,0,10,360,1100,200,28,48.03,N_data.xls,fly_ash_slag_concrete
1350,0,10,360,1100,400,28,45.78,N_data.xls,fly_ash_slag_concrete
1350,0,10,360,1100,600,28,42.62,N_data.xls,fly_ash_slag_concrete
